Model Year,Regulatory Class,Vehicle Type,Production Share (%),Adjusted MPG,Adjusted MPG_City,Adjusted MPG_Hwy,Adjusted CO2 (g/mi),Adjusted CO2_City (g/mi),Adjusted CO2_Hwy (g/mi),Weight (lbs),Horsepower (hp),Footprint (sq. ft.)
"1975","All","All","100","13.1","12","14.6","681","740","608","4060","137","-"
"1975","Car","All Car","80.7","13.5","12.3","15.2","661","722","586","4057","136","-"
"1975","Car","Car SUV","0.1","11.1","10.1","12.6","799","877","703","4000","113","-"
"1975","Car","Sedan/Wagon","80.6","13.5","12.3","15.2","660","722","586","4058","136","-"
"1975","Truck","All Truck","19.3","11.6","10.9","12.7","764","814","702","4073","142","-"
"1975","Truck","Pickup","13.1","11.9","11.1","13.1","746","802","677","4012","141","-"
"1975","Truck","Truck SUV","1.7","11","10.6","11.5","806","837","769","4214","148","-"
"1975","Truck","Van","4.5","11.1","10.6","11.9","800","842","749","4196","143","-"
"1976","All","All","100","14.2","13.2","15.7","625","674","565","4079","135","-"
"1976","Car","All Car","78.9","14.9","13.7","16.6","598","649","536","4059","134","-"
"1976","Car","Car SUV","0.1","10.6","9.39","12.5","840","946","710","3986","123","-"
"1976","Car","Sedan/Wagon","78.8","14.9","13.7","16.6","598","649","536","4059","134","-"
"1976","Truck","All Truck","21.1","12.2","11.6","13.2","726","769","672","4155","141","-"
"1976","Truck","Pickup","15.1","12.4","11.7","13.4","714","757","662","4122","139","-"
"1976","Truck","Truck SUV","1.9","11.8","11.2","12.5","755","793","709","4328","142","-"
"1976","Truck","Van","4.1","11.8","11.1","12.8","754","804","694","4200","146","-"
"1977","All","All","100","15.1","14","16.6","590","635","535","3982","136","-"
"1977","Car","All Car","80.1","15.6","14.4","17.4","570","618","512","3944","133","-"
"1977","Car","Car SUV","0.1","12.2","11.2","13.6","731","792","655","4000","124","-"
"1977","Car","Sedan/Wagon","80","15.6","14.4","17.4","570","618","512","3944","133","-"
"1977","Truck","All Truck","19.9","13.3","12.6","14.2","669","703","628","4136","147","-"
"1977","Truck","Pickup","14.3","13.6","12.9","14.5","656","689","615","4092","146","-"
"1977","Truck","Truck SUV","1.9","12.8","12.2","13.7","692","726","650","4248","145","-"
"1977","Truck","Van","3.6","12.5","11.9","13.3","710","744","669","4252","152","-"
"1978","All","All","100","15.8","14.7","17.5","562","606","508","3715","129","-"
"1978","Car","All Car","77.5","16.9","15.5","19.1","525","574","466","3588","124","-"
"1978","Car","Car SUV","0.1","11.6","10.4","13.5","768","857","659","4000","126","-"
"1978","Car","Sedan/Wagon","77.3","16.9","15.5","19.1","525","573","466","3588","124","-"
"1978","Truck","All Truck","22.5","12.9","12.4","13.7","687","717","650","4152","146","-"
"1978","Truck","Pickup","15.7","13.3","12.8","14.1","668","696","632","4104","144","-"
"1978","Truck","Truck SUV","2.5","12.3","11.6","13.2","723","763","674","4282","150","-"
"1978","Truck","Van","4.3","12.1","11.6","12.7","736","764","702","4250","149","-"
"1979","All","All","100","15.9","14.9","17.4","560","599","512","3655","124","-"
"1979","Car","All Car","77.9","17.2","15.9","19.2","517","559","465","3485","119","-"
"1979","Car","Car SUV","0.1","14.3","13.9","14.8","623","640","602","3271","98.7","-"
"1979","Car","Sedan/Wagon","77.8","17.2","15.9","19.2","517","559","464","3485","119","-"
"1979","Truck","All Truck","22.1","12.5","12.1","13.1","711","737","679","4257","138","-"
"1979","Truck","Pickup","15.9","13.2","12.7","13.9","674","701","642","4142","136","-"
"1979","Truck","Truck SUV","2.8","10.5","10.3","10.8","844","862","822","4561","145","-"
"1979","Truck","Van","3.5","11.5","11.1","12.1","774","804","737","4541","144","-"
"1980","All","All","100","19.2","17.6","21.5","466","507","416","3228","104","-"
"1980","Car","All Car","83.5","20","18.3","22.6","446","488","395","3101","100","-"
"1980","Car","Car SUV","0","14.6","13.9","15.5","610","638","575","4000","122","-"
"1980","Car","Sedan/Wagon","83.5","20","18.3","22.6","446","488","395","3101","100","-"
"1980","Truck","All Truck","16.5","15.8","14.8","17.1","565","602","521","3869","121","-"
"1980","Truck","Pickup","12.7","16.5","15.5","17.9","541","576","498","3740","118","-"
"1980","Truck","Truck SUV","1.6","13.2","12.5","14.1","676","713","630","4237","131","-"
"1980","Truck","Van","2.1","14.1","13.3","15.4","629","670","578","4353","131","-"
"1981","All","All","100","20.5","18.8","23","436","475","388","3202","102","-"
"1981","Car","All Car","82.8","21.4","19.5","24.2","418","458","369","3076","98.7","-"
"1981","Car","Car SUV","0","14.7","13.7","16.1","605","648","553","4000","140","-"
"1981","Car","Sedan/Wagon","82.7","21.4","19.6","24.2","418","458","369","3076","98.7","-"
"1981","Truck","All Truck","17.2","17.1","16","18.6","523","558","479","3806","119","-"
"1981","Truck","Pickup","13.6","17.9","16.7","19.5","500","535","458","3679","115","-"
"1981","Truck","Truck SUV","1.3","14.3","13.4","15.5","621","662","572","4208","132","-"
"1981","Truck","Van","2.3","14.8","14","16","599","636","554","4324","129","-"
"1982","All","All","100","21.1","19.2","23.9","425","466","374","3202","103","-"
"1982","Car","All Car","80.5","22.2","20.1","25.5","402","445","350","3053","98.7","-"
"1982","Car","Car SUV","0.1","19.8","20.2","19.3","450","440","461","2630","87.8","-"
"1982","Car","Sedan/Wagon","80.3","22.2","20.1","25.5","402","445","350","3054","98.7","-"
"1982","Truck","All Truck","19.5","17.4","16.3","19","516","552","472","3813","120","-"
"1982","Truck","Pickup","14.8","18.5","17.2","20.3","486","521","444","3629","117","-"
"1982","Truck","Truck SUV","1.5","14.7","13.7","16.2","616","662","560","4494","133","-"
"1982","Truck","Van","3.2","14.7","13.9","15.9","605","640","561","4342","132","-"
"1983","All","All","100","21","19","23.9","426","468","373","3257","107","-"
"1983","Car","All Car","78","22.1","19.9","25.5","403","447","350","3112","104","-"
"1983","Car","Car SUV","0.3","20.7","19.5","22.4","430","456","397","3124","101","-"
"1983","Car","Sedan/Wagon","77.7","22.1","19.9","25.5","403","447","350","3112","104","-"
"1983","Truck","All Truck","22","17.7","16.5","19.6","504","543","456","3773","118","-"
"1983","Truck","Pickup","15.8","18.9","17.5","20.9","473","510","428","3544","112","-"
"1983","Truck","Truck SUV","2.5","15.8","14.5","17.7","568","618","507","4270","127","-"
"1983","Truck","Van","3.7","15.1","14.1","16.5","593","635","541","4414","136","-"
"1984","All","All","100","21","19.1","24","424","467","371","3262","109","-"
"1984","Car","All Car","76.5","22.4","20.2","25.9","397","441","343","3101","106","-"
"1984","Car","Car SUV","0.4","19.3","17.5","22.1","461","509","402","3487","109","-"
"1984","Car","Sedan/Wagon","76.1","22.4","20.2","26","397","441","343","3099","106","-"
"1984","Truck","All Truck","23.5","17.4","16.1","19.3","512","553","462","3787","118","-"
"1984","Truck","Pickup","14.6","18.3","16.9","20.2","488","527","441","3619","114","-"
"1984","Truck","Truck SUV","4.1","16.2","14.9","18","551","597","494","4049","122","-"
"1984","Truck","Van","4.8","16.1","15","17.7","552","594","501","4075","126","-"
"1985","All","All","100","21.3","19.3","24.4","417","461","364","3271","114","-"
"1985","Car","All Car","75.2","23","20.6","26.7","387","431","333","3096","111","-"
"1985","Car","Car SUV","0.6","20.1","17.6","24.2","443","504","367","3469","109","-"
"1985","Car","Sedan/Wagon","74.6","23","20.7","26.8","387","431","333","3093","111","-"
"1985","Truck","All Truck","24.8","17.5","16.2","19.3","509","550","460","3803","124","-"
"1985","Truck","Pickup","14.4","18.2","16.9","20.1","489","526","443","3642","123","-"
"1985","Truck","Truck SUV","4.5","16.5","15.1","18.7","538","590","475","4092","123","-"
"1985","Truck","Van","5.9","16.5","15.5","18.1","537","575","491","3975","129","-"
"1986","All","All","100","21.8","19.8","25","407","450","356","3238","114","-"
"1986","Car","All Car","72.1","23.7","21.2","27.6","375","420","322","3043","111","-"
"1986","Car","Car SUV","0.4","18.9","17.1","21.7","470","519","410","3479","121","-"
"1986","Car","Sedan/Wagon","71.7","23.7","21.2","27.6","375","419","322","3041","111","-"
"1986","Truck","All Truck","27.9","18.2","16.8","20.1","489","529","442","3741","123","-"
"1986","Truck","Pickup","16.5","18.9","17.5","20.8","471","509","427","3574","120","-"
"1986","Truck","Truck SUV","4.6","17","15.6","19.1","523","569","467","3958","128","-"
"1986","Truck","Van","6.8","17.5","16.1","19.4","509","551","459","3998","127","-"
"1987","All","All","100","22","19.8","25.3","405","450","352","3221","118","-"
"1987","Car","All Car","72.8","23.8","21.2","27.7","374","420","321","3035","113","-"
"1987","Car","Car SUV","0.6","19.4","17.1","23.1","458","519","385","3492","131","-"
"1987","Car","Sedan/Wagon","72.2","23.8","21.2","27.7","373","419","320","3031","112","-"
"1987","Truck","All Truck","27.2","18.3","16.8","20.4","486","531","435","3718","131","-"
"1987","Truck","Pickup","14.4","19","17.5","21.2","467","508","419","3526","123","-"
"1987","Truck","Truck SUV","5.2","17.3","15.8","19.5","515","565","457","3882","137","-"
"1987","Truck","Van","7.5","17.7","16.2","19.8","503","550","449","3972","142","-"
"1988","All","All","100","21.9","19.6","25.2","407","454","353","3283","123","-"
"1988","Car","All Car","70.9","24.1","21.4","28.1","369","416","316","3051","116","-"
"1988","Car","Car SUV","0.7","19.2","17.1","22.5","462","521","394","3495","142","-"
"1988","Car","Sedan/Wagon","70.2","24.1","21.4","28.2","368","415","315","3047","116","-"
"1988","Truck","All Truck","29.1","17.8","16.2","20.1","498","548","442","3850","141","-"
"1988","Truck","Pickup","16.1","18.1","16.5","20.4","490","538","436","3737","138","-"
"1988","Truck","Truck SUV","5.6","17","15.5","19.2","522","574","464","3906","144","-"
"1988","Truck","Van","7.4","17.9","16.2","20.3","497","550","437","4053","147","-"
"1989","All","All","100","21.4","19.1","24.8","415","466","359","3351","129","-"
"1989","Car","All Car","70.1","23.6","20.8","27.8","376","426","320","3104","121","-"
"1989","Car","Car SUV","0.7","19.1","17.1","22.1","465","521","403","3497","148","-"
"1989","Car","Sedan/Wagon","69.3","23.7","20.9","27.9","375","425","319","3099","121","-"
"1989","Truck","All Truck","29.9","17.6","15.9","19.8","506","558","449","3932","146","-"
"1989","Truck","Pickup","15.4","17.8","16.2","20","499","549","444","3803","143","-"
"1989","Truck","Truck SUV","5.7","16.6","15","18.6","537","591","477","4086","156","-"
"1989","Truck","Van","8.8","17.8","16.1","20.2","499","554","440","4057","146","-"
"1990","All","All","100","21.2","18.7","24.6","420","475","361","3426","135","-"
"1990","Car","All Car","70.4","23.3","20.4","27.4","382","435","324","3178","129","-"
"1990","Car","Car SUV","0.5","18.8","16.9","21.5","472","526","413","3518","146","-"
"1990","Car","Sedan/Wagon","69.8","23.3","20.5","27.5","381","434","323","3176","129","-"
"1990","Truck","All Truck","29.6","17.4","15.6","19.8","512","569","450","4014","151","-"
"1990","Truck","Pickup","14.5","17.4","15.7","19.7","511","567","450","3928","152","-"
"1990","Truck","Truck SUV","5.1","16.4","14.8","18.6","541","601","477","4098","155","-"
"1990","Truck","Van","10","17.8","16","20.4","498","557","435","4095","149","-"
"1991","All","All","100","21.3","18.8","24.7","418","474","360","3410","138","-"
"1991","Car","All Car","69.6","23.3","20.4","27.4","382","437","325","3168","133","-"
"1991","Car","Car SUV","1.8","18.2","16.4","20.5","488","541","433","3733","145","-"
"1991","Car","Sedan/Wagon","67.8","23.4","20.5","27.6","379","434","322","3154","132","-"
"1991","Truck","All Truck","30.4","17.8","15.9","20.2","500","559","439","3961","150","-"
"1991","Truck","Pickup","15.3","18.2","16.3","20.7","489","545","429","3779","146","-"
"1991","Truck","Truck SUV","6.9","16.7","15","19.1","531","593","466","4157","162","-"
"1991","Truck","Van","8.2","17.9","16","20.5","496","555","435","4133","149","-"
"1992","All","All","100","20.8","18.2","24.4","427","488","365","3512","145","-"
"1992","Car","All Car","68.6","22.9","19.8","27.2","389","448","327","3254","141","-"
"1992","Car","Car SUV","2","17.8","16.1","20.1","498","553","442","3713","153","-"
"1992","Car","Sedan/Wagon","66.6","23.1","20","27.5","385","445","324","3240","141","-"
"1992","Truck","All Truck","31.4","17.3","15.4","19.9","512","576","447","4078","155","-"
"1992","Truck","Pickup","15.1","17.5","15.5","20","508","572","443","3976","151","-"
"1992","Truck","Truck SUV","6.2","16.2","14.5","18.5","548","615","481","4204","170","-"
"1992","Truck","Van","10","17.9","15.9","20.5","496","557","433","4151","152","-"
"1993","All","All","100","20.9","18.2","24.4","426","488","364","3519","147","-"
"1993","Car","All Car","67.6","23","19.9","27.3","386","447","326","3241","140","-"
"1993","Car","Car SUV","3.6","17","15","19.6","522","591","453","3848","179","-"
"1993","Car","Sedan/Wagon","64","23.5","20.3","27.9","379","439","319","3207","138","-"
"1993","Truck","All Truck","32.4","17.5","15.5","20.1","507","573","442","4098","160","-"
"1993","Truck","Pickup","15.2","17.6","15.6","20.2","505","570","441","3996","156","-"
"1993","Truck","Truck SUV","6.3","16.3","14.5","18.6","546","613","478","4331","179","-"
"1993","Truck","Van","10.9","18.2","16","21","488","554","422","4105","155","-"
"1994","All","All","100","20.4","17.8","23.8","436","500","374","3603","152","-"
"1994","Car","All Car","61.9","23","19.8","27.4","386","449","325","3268","144","-"
"1994","Car","Car SUV","2.3","18","16.1","20.5","493","553","434","3735","163","-"
"1994","Car","Sedan/Wagon","59.6","23.3","20","27.7","382","444","321","3250","143","-"
"1994","Truck","All Truck","38.1","17.2","15.2","19.6","518","584","453","4149","166","-"
"1994","Truck","Pickup","18.9","17.4","15.5","19.9","510","574","446","4056","163","-"
"1994","Truck","Truck SUV","9.1","16","14.3","18.2","555","623","489","4331","180","-"
"1994","Truck","Van","10","17.8","15.7","20.5","498","565","433","4156","159","-"
"1995","All","All","100","20.5","17.7","24.1","434","501","369","3613","158","-"
"1995","Car","All Car","63.5","23.3","19.8","27.9","382","448","319","3274","153","-"
"1995","Car","Car SUV","1.5","17.8","15.7","20.5","499","567","434","3763","165","-"
"1995","Car","Sedan/Wagon","62","23.4","20","28.1","379","445","316","3263","152","-"
"1995","Truck","All Truck","36.5","17","14.9","19.4","524","595","457","4201","168","-"
"1995","Truck","Pickup","15","16.9","14.9","19.3","526","596","460","4182","167","-"
"1995","Truck","Truck SUV","10.5","16","14.2","18.2","555","626","489","4323","177","-"
"1995","Truck","Van","11","18.1","15.8","21","492","563","423","4110","159","-"
"1996","All","All","100","20.4","17.6","24","435","505","370","3659","164","-"
"1996","Car","All Car","62.2","23.1","19.7","27.6","384","452","322","3297","155","-"
"1996","Car","Car SUV","2.2","18.4","16.2","21.1","482","548","421","3710","167","-"
"1996","Car","Sedan/Wagon","60","23.3","19.8","28","381","448","318","3282","154","-"
"1996","Truck","All Truck","37.8","17.2","15","19.8","518","592","449","4255","179","-"
"1996","Truck","Pickup","14.9","17.1","15.1","19.7","518","590","452","4190","178","-"
"1996","Truck","Truck SUV","12.2","16.2","14.2","18.7","548","625","475","4386","189","-"
"1996","Truck","Van","10.7","18.3","15.9","21.4","485","558","416","4195","171","-"
"1997","All","All","100","20.2","17.4","23.6","441","512","376","3727","169","-"
"1997","Car","All Car","60.1","23.2","19.7","27.6","384","452","322","3285","156","-"
"1997","Car","Car SUV","2.5","19.2","17.1","21.7","462","521","409","3549","159","-"
"1997","Car","Sedan/Wagon","57.6","23.4","19.8","28","380","449","318","3274","156","-"
"1997","Truck","All Truck","39.9","16.8","14.7","19.4","528","603","459","4394","189","-"
"1997","Truck","Pickup","16.7","16.8","14.7","19.4","528","604","458","4415","196","-"
"1997","Truck","Truck SUV","14.5","16.1","14.2","18.4","551","626","483","4463","190","-"
"1997","Truck","Van","8.8","18.2","15.7","21.2","489","565","420","4240","174","-"
"1998","All","All","100","20.1","17.2","23.6","442","516","377","3744","171","-"
"1998","Car","All Car","58.3","23","19.5","27.5","386","456","324","3334","160","-"
"1998","Car","Car SUV","3.1","18.2","16","20.8","487","556","427","3824","168","-"
"1998","Car","Sedan/Wagon","55.1","23.4","19.7","28","380","450","318","3306","159","-"
"1998","Truck","All Truck","41.7","17.1","14.8","19.7","521","599","451","4317","188","-"
"1998","Truck","Pickup","16.7","17","14.8","19.6","523","601","454","4282","190","-"
"1998","Truck","Truck SUV","14.7","16.2","14.1","18.5","550","629","479","4450","192","-"
"1998","Truck","Van","10.3","18.7","16","22","475","555","405","4183","180","-"
"1999","All","All","100","19.7","16.9","23","451","527","386","3835","179","-"
"1999","Car","All Car","58.3","22.7","19.2","27","392","464","329","3390","164","-"
"1999","Car","Car SUV","3.2","18.5","16.3","21","480","546","423","3831","170","-"
"1999","Car","Sedan/Wagon","55.1","23","19.4","27.5","386","459","323","3365","164","-"
"1999","Truck","All Truck","41.7","16.6","14.5","19.1","535","615","465","4457","199","-"
"1999","Truck","Pickup","16.7","16.3","14.2","18.6","546","625","477","4486","205","-"
"1999","Truck","Truck SUV","15.4","16.1","14.1","18.4","553","632","484","4518","204","-"
"1999","Truck","Van","9.6","18.3","15.6","21.5","486","570","414","4306","183","-"
"2000","All","All","100","19.8","16.9","23","450","525","386","3821","181","-"
"2000","Car","All Car","58.8","22.5","19","26.7","395","468","333","3401","168","-"
"2000","Car","Car SUV","3.7","17.9","15.7","20.3","497","566","438","3870","174","-"
"2000","Car","Sedan/Wagon","55.1","22.9","19.3","27.3","388","461","326","3369","168","-"
"2000","Truck","All Truck","41.2","16.8","14.7","19.3","528","606","461","4421","199","-"
"2000","Truck","Pickup","15.8","16.7","14.6","18.9","534","609","470","4340","203","-"
"2000","Truck","Truck SUV","15.2","16","14","18.2","555","635","488","4602","206","-"
"2000","Truck","Van","10.2","18.6","15.9","21.8","478","561","407","4276","183","-"
"2001","All","All","100","19.6","16.8","22.8","453","529","390","3879","187","-"
"2001","Car","All Car","58.6","22.6","19.1","26.7","393","466","332","3411","169","-"
"2001","Car","Car SUV","4.8","18.8","16.4","21.4","472","540","415","3765","180","-"
"2001","Car","Sedan/Wagon","53.9","23","19.4","27.3","386","459","325","3380","168","-"
"2001","Truck","All Truck","41.4","16.5","14.4","18.8","538","618","472","4543","212","-"
"2001","Truck","Pickup","16.1","16","13.9","18.1","557","638","490","4551","216","-"
"2001","Truck","Truck SUV","17.3","16.4","14.4","18.6","541","618","478","4546","213","-"
"2001","Truck","Van","7.9","18","15.3","21.1","493","579","421","4518","202","-"
"2002","All","All","100","19.5","16.6","22.5","457","534","394","3951","195","-"
"2002","Car","All Car","55.2","22.8","19.2","26.8","390","462","332","3415","173","-"
"2002","Car","Car SUV","3.7","19.3","16.7","22","460","531","404","3747","179","-"
"2002","Car","Sedan/Wagon","51.5","23.1","19.4","27.2","385","458","326","3391","173","-"
"2002","Truck","All Truck","44.8","16.5","14.3","18.8","539","623","472","4612","223","-"
"2002","Truck","Pickup","14.8","15.8","13.8","17.8","564","646","498","4690","226","-"
"2002","Truck","Truck SUV","22.3","16.3","14.1","18.7","545","630","476","4636","229","-"
"2002","Truck","Van","7.7","18.7","15.9","21.9","475","560","407","4394","199","-"
"2003","All","All","100","19.6","16.7","22.7","454","533","391","3999","199","-"
"2003","Car","All Car","53.9","23","19.3","27.1","386","460","328","3437","176","-"
"2003","Car","Car SUV","3.6","19.9","17.2","22.7","446","516","391","3716","181","-"
"2003","Car","Sedan/Wagon","50.2","23.3","19.5","27.5","382","456","323","3417","176","-"
"2003","Truck","All Truck","46.1","16.7","14.4","19.1","533","618","465","4655","224","-"
"2003","Truck","Pickup","15.7","16.1","14","18.2","553","634","489","4642","223","-"
"2003","Truck","Truck SUV","22.6","16.4","14.1","18.8","541","629","472","4754","233","-"
"2003","Truck","Van","7.8","19","16","22.2","468","554","400","4393","202","-"
"2004","All","All","100","19.3","16.3","22.4","461","544","396","4111","211","-"
"2004","Car","All Car","52","22.9","19.1","27","389","466","329","3492","184","-"
"2004","Car","Car SUV","4.1","20","17","23.1","445","523","385","3854","198","-"
"2004","Car","Sedan/Wagon","48","23.1","19.3","27.4","384","462","324","3462","183","-"
"2004","Truck","All Truck","48","16.5","14.2","18.9","538","628","469","4783","240","-"
"2004","Truck","Pickup","15.9","15.7","13.7","17.8","565","650","499","4939","249","-"
"2004","Truck","Truck SUV","25.9","16.5","14.1","19","539","631","469","4756","240","-"
"2004","Truck","Van","6.1","19.2","16","22.7","464","557","392","4487","214","-"
"2005","All","All","100","19.9","16.8","23.1","447","529","385","4059","209","-"
"2005","Car","All Car","55.6","23.1","19.4","27.2","384","459","327","3498","183","-"
"2005","Car","Car SUV","5.1","20.2","17.3","23.2","440","515","383","3848","192","-"
"2005","Car","Sedan/Wagon","50.5","23.5","19.6","27.6","379","454","322","3463","182","-"
"2005","Truck","All Truck","44.4","16.9","14.4","19.5","526","617","457","4763","242","-"
"2005","Truck","Pickup","14.5","15.8","13.6","18.1","561","653","491","4988","260","-"
"2005","Truck","Truck SUV","20.6","16.7","14.3","19.2","531","622","463","4756","244","-"
"2005","Truck","Van","9.3","19.3","16.1","22.8","460","553","391","4430","209","-"
"2006","All","All","100","20.1","17","23.4","442","523","380","4067","213","-"
"2006","Car","All Car","57.9","23","19.2","27.1","386","463","328","3563","194","-"
"2006","Car","Car SUV","5","20.5","17.5","23.5","434","509","378","3876","192","-"
"2006","Car","Sedan/Wagon","52.9","23.3","19.4","27.5","382","459","324","3534","194","-"
"2006","Truck","All Truck","42.1","17.2","14.6","19.7","518","607","450","4758","240","-"
"2006","Truck","Pickup","14.5","16.1","13.9","18.4","551","640","484","4968","256","-"
"2006","Truck","Truck SUV","19.9","17.2","14.7","19.7","518","606","452","4715","240","-"
"2006","Truck","Van","7.7","19.5","16.2","23.1","455","548","385","4475","211","-"
"2007","All","All","100","20.6","17.4","24","431","511","371","4093","217","-"
"2007","Car","All Car","58.9","23.7","19.8","27.8","375","448","320","3551","191","-"
"2007","Car","Car SUV","6","20.6","17.6","23.8","431","505","374","3935","208","-"
"2007","Car","Sedan/Wagon","52.9","24.1","20.1","28.3","369","442","314","3507","189","-"
"2007","Truck","All Truck","41.1","17.4","14.8","20","512","602","444","4871","254","-"
"2007","Truck","Pickup","13.8","16.2","13.8","18.5","550","642","480","5144","269","-"
"2007","Truck","Truck SUV","21.7","17.7","15.1","20.3","503","590","437","4797","252","-"
"2007","Truck","Van","5.5","19.5","16.1","23.1","456","551","384","4479","225","-"
"2008","All","All","100","21","17.7","24.4","424","503","364","4085","219","48.9"
"2008","Car","All Car","59.3","23.9","20","28","372","445","317","3569","194","45.3"
"2008","Car","Car SUV","6.6","21.2","18.1","24.4","419","492","364","3902","204","46.2"
"2008","Car","Sedan/Wagon","52.7","24.3","20.2","28.5","366","439","311","3527","193","45.2"
"2008","Truck","All Truck","40.7","17.8","15.1","20.5","499","587","433","4837","254","54"
"2008","Truck","Pickup","12.9","16.5","14.1","18.9","539","632","470","5161","276","63"
"2008","Truck","Truck SUV","22.1","18.2","15.5","20.9","489","574","425","4727","250","48.7"
"2008","Truck","Van","5.7","19.8","16.4","23.5","448","541","379","4527","221","54.1"
"2009","All","All","100","22.4","18.9","26","397","470","341","3914","208","48.1"
"2009","Car","All Car","67","25","21","29.2","356","423","305","3502","186","45.2"
"2009","Car","Car SUV","6.5","22","18.8","25.3","403","472","352","3846","206","46.1"
"2009","Car","Sedan/Wagon","60.5","25.3","21.3","29.6","351","418","300","3464","184","45"
"2009","Truck","All Truck","33","18.5","15.7","21.4","480","565","416","4753","252","54"
"2009","Truck","Pickup","10.6","16.9","14.4","19.5","526","618","457","5176","278","62.6"
"2009","Truck","Truck SUV","18.4","19.3","16.4","22.2","461","542","401","4548","244","48.9"
"2009","Truck","Van","4","20.1","16.7","23.7","443","533","375","4572","220","54.5"
"2010","All","All","100","22.6","19.1","26.2","394","465","340","4001","214","48.5"
"2010","Car","All Car","62.8","25.7","21.7","29.9","346","410","297","3536","190","45.4"
"2010","Car","Car SUV","8.2","23","19.6","26.5","386","453","335","3949","213","46.9"
"2010","Car","Sedan/Wagon","54.5","26.2","22","30.5","340","404","292","3474","187","45.2"
"2010","Truck","All Truck","37.2","18.8","15.9","21.7","474","558","410","4784","253","53.8"
"2010","Truck","Pickup","11.5","16.9","14.3","19.4","527","620","457","5309","289","63.5"
"2010","Truck","Truck SUV","20.7","19.7","16.8","22.6","452","529","393","4555","243","48.3"
"2010","Truck","Van","5","20.1","16.7","23.7","442","531","374","4533","212","54.2"
"2011","All","All","100","22.3","18.8","25.9","399","472","344","4126","230","49.5"
"2011","Car","All Car","57.8","25.4","21.3","29.6","350","417","300","3617","200","46"
"2011","Car","Car SUV","10","23.5","20","27.1","378","444","328","3890","207","46.9"
"2011","Car","Sedan/Wagon","47.8","25.8","21.6","30.3","344","411","294","3559","199","45.8"
"2011","Truck","All Truck","42.2","19.1","16.2","22","466","548","404","4824","271","54.4"
"2011","Truck","Pickup","12.3","17.2","14.6","19.9","516","607","446","5268","304","63.9"
"2011","Truck","Truck SUV","25.5","19.8","16.9","22.8","449","526","391","4665","257","49.7"
"2011","Truck","Van","4.3","20.9","17.6","24.5","424","506","363","4502","259","55.4"
"2012","All","All","100","23.6","19.9","27.3","377","446","326","3979","222","48.8"
"2012","Car","All Car","64.4","26.9","22.7","31.2","331","392","285","3519","192","45.7"
"2012","Car","Car SUV","9.4","23.3","19.8","26.8","381","448","331","3915","211","46.8"
"2012","Car","Sedan/Wagon","55","27.6","23.3","32.1","322","382","277","3452","189","45.4"
"2012","Truck","All Truck","35.6","19.3","16.4","22.3","461","544","399","4809","276","54.5"
"2012","Truck","Pickup","10.1","17.2","14.6","19.9","516","609","446","5335","317","64.3"
"2012","Truck","Truck SUV","20.6","20","17.1","23","445","522","387","4640","261","49.7"
"2012","Truck","Van","4.9","21.3","17.7","25.1","418","502","355","4442","254","54.8"
"2013","All","All","100","24.2","20.5","28","368","434","318","4003","226","49.1"
"2013","Car","All Car","64.1","27.7","23.4","32.1","321","380","277","3543","197","45.9"
"2013","Car","Car SUV","10","24.3","20.7","28.1","365","430","316","3966","214","47.1"
"2013","Car","Sedan/Wagon","54.1","28.4","24","32.9","313","371","270","3465","194","45.7"
"2013","Truck","All Truck","35.9","19.8","16.8","22.8","450","530","390","4824","277","54.7"
"2013","Truck","Pickup","10.4","17.5","14.8","20.2","509","601","439","5429","328","65.3"
"2013","Truck","Truck SUV","21.8","20.8","17.8","23.9","427","500","372","4584","257","49.7"
"2013","Truck","Van","3.8","21.1","17.5","24.8","422","507","358","4543","257","54.8"
"2014","All","All","100","24.1","20.4","27.9","369","435","319","4060","230","49.7"
"2014","Car","All Car","59.3","27.6","23.4","32","322","380","278","3559","198","46.1"
"2014","Car","Car SUV","10.1","24.4","20.8","28.1","364","427","316","3865","204","46.5"
"2014","Car","Sedan/Wagon","49.2","28.4","24","32.9","313","371","270","3497","197","46"
"2014","Truck","All Truck","40.7","20.3","17.3","23.5","437","515","379","4790","277","55"
"2014","Truck","Pickup","12.4","18","15.3","20.9","493","582","426","5485","334","66.2"
"2014","Truck","Truck SUV","23.9","21.6","18.4","24.8","412","483","359","4483","250","49.2"
"2014","Truck","Van","4.3","21.3","17.7","25","418","501","355","4489","260","55.1"
"2015","All","All","100","24.6","20.9","28.5","361","425","312","4035","229","49.4"
"2015","Car","All Car","57.4","28.2","23.9","32.7","314","371","271","3556","197","46.1"
"2015","Car","Car SUV","10.2","25.1","21.5","28.8","353","413","309","3868","202","46.4"
"2015","Car","Sedan/Wagon","47.2","29","24.5","33.7","306","363","263","3489","196","46"
"2015","Truck","All Truck","42.6","21.1","17.9","24.2","423","496","367","4680","271","53.9"
"2015","Truck","Pickup","10.7","18.8","16","21.7","474","558","410","5165","324","65.3"
"2015","Truck","Truck SUV","28.1","21.9","18.7","25.2","406","475","353","4533","254","49.4"
"2015","Truck","Van","3.9","21.8","18.3","25.4","408","486","349","4416","250","54.6"
"2016","All","All","100","24.7","21","28.5","359","422","312","4035","230","49.5"
"2016","Car","All Car","55.3","28.5","24.2","33","311","367","268","3533","196","46.1"
"2016","Car","Car SUV","11.5","26.2","22.6","29.8","338","392","298","3782","194","46.1"
"2016","Car","Sedan/Wagon","43.8","29.2","24.7","34","303","360","261","3468","197","46.2"
"2016","Truck","All Truck","44.7","21.2","18.1","24.4","420","492","365","4656","272","53.7"
"2016","Truck","Pickup","11.7","18.9","16.1","21.8","471","553","409","5150","324","64.5"
"2016","Truck","Truck SUV","29.1","22.2","19","25.4","400","467","350","4482","252","49.1"
"2016","Truck","Van","3.9","21.7","18.1","25.5","410","492","349","4459","256","55.2"
"Prelim. 2017","All","All","100","25.2","21.5","28.9","352","412","307","4044","232","49.5"
"Prelim. 2017","Car","All Car","58.1","29.1","24.9","33.4","303","355","264","3570","198","46.2"
"Prelim. 2017","Car","Car SUV","11","26","22.4","29.7","339","395","298","3913","211","46.5"
"Prelim. 2017","Car","Sedan/Wagon","47.2","30","25.6","34.5","295","346","257","3490","195","46.2"
"Prelim. 2017","Truck","All Truck","41.9","21.2","18.1","24.3","420","492","366","4703","279","54"
"Prelim. 2017","Truck","Pickup","11.9","18.9","16","21.9","470","555","407","5246","336","64.3"
"Prelim. 2017","Truck","Truck SUV","26.8","22.2","19","25.3","401","467","351","4492","256","49.2"
"Prelim. 2017","Truck","Van","3.2","22.8","19.1","26.7","390","465","333","4462","261","55.7"
